ts,open,high,low,close,volume
1419,9.593524613625133,10.233092921200143,8.953956306050125,9.810977935791016,2191281969
1419,10.162741565860676,10.62962679069376,9.599921330004044,10.61043930053711,1587361557
1420,10.655207668948695,11.000575132878176,9.823768765658155,10.04761791229248,1977518573
1421,10.041224036461943,10.552878892638468,9.721439827594109,10.386590957641602,1261630152
1421,9.350488737384865,9.91330893050298,9.17140977910088,9.702251434326172,1615654494
1422,9.715042301146921,9.747020838439438,9.04989128721,9.171409606933594,968522585
1422,8.941164009050944,9.625502464078236,8.864415890811774,9.113847732543945,961189907
1423,9.113847983272175,9.497589194964833,8.953955913390207,9.356884002685547,650254351
1424,9.209784611833985,9.344093998712145,9.145828138521496,9.28653335571289,225758826
1424,9.286533301872536,9.593525835848515,9.069079952002912,9.401655197143555,428320764
1425,9.452819802048312,9.484798340723811,8.83243895746711,8.98593521118164,795301637
1425,8.992331100132905,9.945287777312155,8.826043185876957,9.657482147216797,1334912727
1426,9.766209084116877,10.20751098116758,9.619108045140033,10.03482723236084,1256997032
1427,10.117970259664391,10.162740455197145,9.5807327927902,9.759812355041504,1061833424
1427,9.862143062186822,10.495315521719398,9.78539494072286,10.015639305114746,1189960213
1428,10.015639305114746,10.015639305114746,10.015639305114746,10.015639305114746,0
1428,11.019761730605127,12.439604164949483,11.019761730605127,11.716891288757324,2100003158
1429,11.95992852810926,11.95992852810926,11.134884778299416,11.32036018371582,1700764933
1430,11.384315337588301,12.298898208641107,11.384315337588301,11.652934074401855,1556954644
1430,11.659330625521267,11.736079363595596,11.006970621468804,11.32036018371582,1183092748
1431,11.198841917810073,11.499438602158166,10.80870483524014,10.974992752075195,1126529683
1431,10.87905767038604,11.966323122514641,10.73835307395899,11.959928512573242,1272415701
1432,12.15179993759687,12.48437580760755,11.160469378008052,11.557001113891602,1407487676
1433,11.461064085998698,13.565243177241568,11.269194082256336,12.7849702835083,1767165534
1433,12.816951023307512,13.878634445013038,12.54193642252598,12.989633560180664,1607300451
1434,13.098357997159434,13.258250066128314,11.448271894195791,11.512228965759277,1279904816
1434,12.151798098154137,12.529143505108252,10.783122281670932,11.128488540649414,1531971844
1435,11.320361471810243,12.266922436446412,10.316238032158688,11.262800216674805,2188887965
1436,12.604619429705766,13.79874076427992,11.178307484148572,12.59798526763916,3927760973
1436,12.279553121174935,12.52501079176792,11.616152096359457,12.18004322052002,1527801056
1437,12.113701727427646,12.272917806591648,11.649320547529951,11.874876976013184,803696689
1437,11.775363798389606,11.861605342700146,10.906309134323823,11.483467102050781,883561012
1438,11.41049870265285,12.306089118598246,11.310987531692605,12.13360595703125,592288513
1439,12.02082610111405,12.379061965984185,11.709026836229325,11.768733024597168,467858443
1439,11.662587758915521,11.709025619411976,10.760362130972512,10.972651481628418,501165285
1440,10.68075580460979,11.841707494994834,9.294247684580126,11.476836204528809,1116508183
1440,11.3905937631873,11.529907348000377,10.81343441028655,11.12523365020752,493211516
1441,10.979285134460843,11.510006649703849,10.634317604690308,11.35742473602295,479168401
1442,11.344157056303532,12.213211989274642,11.111966459310253,11.748830795288086,619108950
1442,11.675855252802013,12.027456894683075,11.423762220355549,11.755462646484375,246695306
1443,11.649319453214831,11.881510021352135,11.443665528447186,11.788634300231934,106248056
1444,11.788634267635764,12.113700555994443,11.675856064300158,11.914679527282715,80145153
1444,11.914680573358952,12.465304582068919,11.801903625458635,12.325989723205566,279407832
1445,12.312722218552151,12.591350689456338,11.95448633615362,12.067264556884766,272262351
1445,12.160140306521322,12.173408630231808,11.795270261841928,11.894780158996582,208851821
1446,11.79526955708658,12.657690301347477,11.79526955708658,12.392330169677734,397641830
1447,12.438767890068581,13.254750759976222,12.00092336156512,12.034092903137207,418296379
1447,11.94785188243621,12.23974866990447,11.894779854290794,12.040727615356445,208890148
1448,12.047362129779811,12.166774512937543,11.21147671301269,11.304353713989258,307684874
1448,11.324255027661886,11.934584006904924,11.218110967388055,11.4436674118042,320015789
1449,11.410497529397114,11.709027215570982,11.05226038758411,11.22474479675293,291194003
1450,11.111967417543644,11.981022425457155,10.946117157580305,11.622786521911621,378263970
1450,11.563079402478804,12.412231855774555,11.51000737414782,12.160140037536621,441787917
1451,12.173408425361941,12.199943806999347,11.642686873907135,11.93458366394043,228746904
1451,11.881511953704683,11.908048601390133,10.952750795442977,11.15177059173584,201705366
1452,11.065528016846697,11.065528016846697,10.249544521689852,10.26944637298584,247047655
1453,10.209740943806544,10.461833383085917,10.037256543351955,10.13676643371582,170524150
1453,10.143400212405655,10.27608027210758,9.698921537902887,9.944379806518555,165266795
1454,9.937745162691913,10.07042584861799,9.606044713213517,9.858137130737305,108678847
1454,9.858137130737305,9.858137130737305,9.858137130737305,9.858137130737305,0
1455,9.619314581660902,9.997452952417099,9.599412728639127,9.785164833068848,135426759
1456,9.87140610141282,10.023988014523857,9.426927419275147,9.586143493652344,164793175
1456,9.572875541218774,10.627683112205677,9.314148952950983,10.594512939453125,358783379
1457,10.5480749707768,10.667487345576111,10.09032858849353,10.455199241638184,213232145
1457,10.468467224000092,10.912946561196406,10.349055478536167,10.727193832397461,296323579
1458,10.753729875275502,10.906313070800028,10.6210504311139,10.700657844543457,143055874
1459,10.71392560429576,10.846606306806557,10.455199626270357,10.793534278869629,135967532
1459,10.793534588863022,10.859874942023733,10.601147691230656,10.720560073852539,121365639
1460,10.72055950786685,11.304353066455686,10.614415454548322,11.231378555297852,171102113
1460,11.118599336152727,11.954484629534521,11.092062692551648,11.854974746704102,294388864
1461,11.77536678314209,11.914680374341502,11.549810360435234,11.77536678314209,150958426
1462,11.775367296767154,11.841707647281119,11.476836352122788,11.490104675292969,109413561
1462,11.496738286551924,11.689125167299546,11.264547703536026,11.655954360961914,123197910
1463,11.642686240959867,11.894779312163687,11.536542189506754,11.861608505249023,129273443
1463,11.861610738125384,11.921316936474202,11.490106488106065,11.715662956237793,56169829
1464,11.775366528993576,12.000922946832233,11.689124964684376,11.795269012451172,104515313
1465,11.762097656862275,11.854974643319277,11.649319453214831,11.788634300231934,33535633
1465,11.66259008305351,11.801904957642547,11.443667793273926,11.609518051147461,81784122
1466,11.689126342023066,11.742198372159983,11.397229543601524,11.4436674118042,114012589
1466,11.443667001796024,11.715661304669727,11.397229135257144,11.695758819580078,82721222
1467,11.695759946173139,11.88814685789383,11.483471812782781,11.536543846130371,87549824
1468,11.602882846338128,11.77536725086732,11.277816521957433,11.370692253112793,94104251
1468,11.838569352497597,12.073269963331573,11.748831503241961,11.79024887084961,74992017
1469,11.79715185470069,11.997336893123805,11.659092208686268,11.84547233581543,83779842
1470,11.83856946783178,11.907599292273286,11.721219161271538,11.804055213928223,67672410
1470,11.831668212948497,12.425322953144004,11.783347723236695,12.41841983795166,133109893
1471,12.494350829072886,13.108713501866674,12.439127232828888,12.853304862976074,235560142
1471,12.853303980815893,13.11561571581306,12.556476677638635,12.80498218536377,105172503
1472,12.742856110615339,12.96375180800922,12.446030109366216,12.894721984863281,88673000
1473,12.894722825666676,12.99136379439187,12.63931285836294,12.653119087219238,72502287
1473,12.535767751431509,12.549573979160273,12.066366541728256,12.10778522491455,63889789
1474,12.11468603962858,12.542669848069867,12.11468603962858,12.411513328552246,60651466
1474,12.363192019036028,12.494348529716465,12.30796843295492,12.425318717956543,54175827
1475,12.425318717956543,12.425318717956543,12.425318717956543,12.425318717956543,0
1476,12.446029952745825,12.763565291933187,12.425320611072339,12.49435043334961,65301624
1476,12.47364069746224,12.494350038481233,12.301066805540218,12.36319351196289,63264446
1477,12.377001114254627,12.74285696312583,12.266553916485835,12.356291770935059,105487694
1477,12.335582373905208,12.425320218385563,12.232036985444548,12.36319351196289,116807241
1478,12.363194031424664,12.501253677416827,12.266553069210767,12.439126968383789,136056356
1479,12.425320611072339,12.625506964012992,12.390806358250877,12.49435043334961,130254861
1479,12.480545173845583,13.129423446978908,12.480545173845583,13.10871410369873,227884665
1480,13.184644801723199,13.253674617607093,12.590990228409625,12.763564109802246,275575371
1480,12.694535905016187,13.350317264188826,12.660021651011055,13.239870071411133,183760898
1481,13.226063253054809,13.5643079304245,12.508156532030291,12.54957389831543,198031346
1482,12.528865368733218,12.549574711534932,12.107785931507067,12.149203300476074,125324283
1482,12.121590843407123,12.301067864452047,12.004240534132919,12.149203300476074,104386231
1483,12.149202426574677,12.570281833512265,12.128493085262601,12.39770793914795,98175855
1483,12.459835323587752,12.68763282386308,12.363194358814704,12.57718563079834,80656965
1484,12.54957379050758,12.93613894466151,12.535767562986358,12.832594871520996,151406714
1485,12.894722410352475,13.288190703642996,12.70834227669873,13.115616798400879,88014292
1485,13.115615513618366,13.17083910522086,12.88091492014919,12.908527374267578,23307310
1486,13.032778856596199,13.094905558814244,12.756660911535008,13.046585083007812,128588575
1486,13.046585191605876,13.350315592018507,12.984458488870695,13.12942123413086,162007247
1487,13.136326129859114,13.674755871111104,13.101810558859366,13.412444114685059,133600993
1488,13.377928127381132,13.515987773815066,13.081102125826595,13.122519493103027,107154943
1488,13.122519508355797,13.384831256923928,12.998266089747704,13.053489685058594,112643102
1489,13.03968347238992,13.288190309898024,12.96375185164473,12.98445987701416,123764624
1489,13.03968437256907,13.081103059435957,12.756663262150978,12.963752746582031,194280578
1490,12.970653745166427,13.33650953636758,12.970653745166427,13.232965469360352,226670455
1491,13.232967549989636,13.31580360660034,12.991363811229075,13.039684295654297,126733362
1491,13.067295506645113,13.198452035167326,12.87401227075103,12.991362571716309,160712237
1492,12.956849156273517,13.067296350593535,12.687632968063358,12.977557182312012,181382981
1492,13.03968389900429,13.281287630415584,12.963752275774874,13.205354690551758,204458619
1493,13.205354685176355,13.260578282336365,12.79808147901779,12.977557182312012,119836645
1494,12.887816797254507,14.068221448250693,12.874010571519847,14.040610313415527,269556155
1494,14.11654554681562,14.565237423493892,13.812815114154514,14.171769142150879,283509234
1495,14.123446591576348,15.918215319285325,14.123446591576348,15.628291130065918,412246858
1496,15.628294834181597,15.849189256106698,15.234826480548184,15.296953201293945,203087208
1496,15.138183081854779,16.083887339228745,14.910385581054866,15.814672470092773,375026403
1497,15.766350784538433,16.05627497403687,14.316729837046244,14.365050315856934,282356166
1497,14.853794709103717,16.581146234898565,14.853794709103717,16.438390731811523,350512821
1498,16.47407823985139,17.544750572670406,16.2242544232409,17.066516876220703,370413562
1499,16.987997492974547,17.230683288139613,16.28849201817172,16.602556228637695,303038532
1499,16.64538283503793,18.137186142086613,16.452661520975933,17.9730167388916,302788580
1500,17.915914467809294,18.308493716366268,17.159306520433827,17.658952713012695,282738987
1500,17.680367619340345,18.729625906783742,17.6089891989211,18.401287078857422,254810447
1501,18.301358897009464,19.329204732150693,18.07294901396259,18.21570587158203,242586598
1502,18.130051839843606,18.629699489868127,17.444822177281164,17.480510711669922,180846890
1502,17.55902650703355,18.458391428770298,17.309202690757186,18.14432716369629,208948099
1503,18.144328190744858,19.686096326298617,17.88022840169086,19.650407791137695,254803666
1503,19.686092507403508,19.957328861728406,18.850968149198046,19.100791931152344,241877612
1504,18.94376180484256,19.536200399806056,18.76531642851102,18.82955551147461,184926521
1505,18.986588401526575,19.193584331082118,18.265668914450707,18.53690528869629,202256090
1505,18.536905287012445,18.78672908729211,18.33704733593286,18.52263069152832,219126038
1506,18.45839102453796,18.643974387952472,17.93019284932601,18.237117767333984,170141129
1506,18.237117767333984,18.237117767333984,18.237117767333984,18.237117767333984,0
1507,19.129342382579047,19.26496123975554,18.1443245771505,18.701074600219727,334523708
1508,18.765318215984813,19.507650344290507,18.701077765471876,19.107933044433594,236264746
1508,19.11507096460962,20.085812975555193,18.843833205184453,20.057262420654297,297449773
1509,19.878816123833705,20.028709593464782,18.99372717927287,19.31492805480957,340255503
1509,19.200720546266016,19.60757575098645,18.751038836161868,19.322063446044922,320233441
1510,19.350618393910384,21.056555874896883,19.350618393910384,20.970901489257812,513396439
1511,20.97089848162746,22.59832068392395,20.763902568284838,21.477684020996094,510866025
1511,21.313518322467463,21.377758773304624,20.23570797794771,20.42129135131836,335949203
1512,20.292811395533693,21.12079795443979,19.878818116080645,20.357051849365234,302458462
1512,20.2999452230696,20.749626946486824,19.950192468982845,20.02870750427246,290214316
1513,20.057259742541934,21.413444274294566,20.02156985189337,20.906660079956055,271004555
1514,20.83528065891353,21.39202931197706,20.307082555566815,20.713937759399414,259925285
1514,20.713939268395414,21.756059595433136,20.713939268395414,21.48482322692871,239119059
1515,21.35634575609789,22.541223115924222,20.92093853975833,22.49125862121582,288462774
1515,22.46984219183136,23.804612887808283,22.341361298864552,23.169347763061523,400488003
1516,22.969489512286525,25.23217562182785,22.9480769380197,23.890268325805664,448692227
1517,23.91168008334395,24.92524849930677,22.998040641027004,24.62546157836914,290300996
1517,24.147229172846647,25.06086861097026,20.414150936311685,21.920228958129883,606045120
1518,21.69895795787445,22.462703967225607,20.985176437145487,22.391326904296875,201117682
1518,22.391324930933582,22.983763486469385,22.255706072746808,22.683975219726562,119268863
1519,22.762490948404814,23.09082977552885,21.420582365808563,21.434858322143555,270806296
1520,21.484822969379895,22.484116776028465,21.04941582790075,22.23429298400879,255747987
1520,22.441289829941212,22.476978358919965,21.48482254986546,21.506235122680664,182864386
1521,21.420585913859853,22.6982542660085,21.306380967123562,21.634719848632812,260297679
1522,21.599029006233245,21.599029006233245,20.12863945298906,20.763904571533203,353543774
1522,20.6996658757625,21.135073076393137,20.37846361932509,20.528358459472656,115746274
1523,20.599734264324802,22.091537689313864,20.4212888915886,21.085105895996094,202165548
1523,20.842419465687456,20.842419465687456,19.529061452154817,20.135774612426758,300747961
1524,19.935919177817247,21.05655600858066,19.921643219881723,20.935213088989258,213814819
1525,20.935211239489046,21.484823318579323,20.421289052084596,20.514080047607422,115000890
1525,20.53549154669366,21.556199183518956,20.357046193722248,21.470544815063477,179078523
1526,21.770335054664386,22.277119249991426,21.106518063037605,21.741783142089844,206654715
1526,21.927366146314593,22.120087468885814,20.692524536826603,20.84955596923828,168388627
1527,20.863831963428254,20.928072404402716,20.18574038631906,20.41415023803711,224138089
1528,20.635423442187175,20.949487689263957,20.114363264181055,20.128639221191406,207248131
1528,20.128635587521924,20.756762606854306,19.94305226417987,20.65683364868164,172076831
1529,20.65683660040371,20.870970501780548,20.185740928230555,20.42842674255371,210883485
1529,20.471253503839137,20.492666077383678,18.27280655268575,18.87238311767578,229688852
1530,18.87238387165139,19.07937980562261,17.630404183533432,18.444114685058594,240060465
1531,18.558320875818442,19.34348087746605,18.20143008974501,18.722490310668945,188710018
1531,19.28878006850048,20.232213452537795,18.500129372029036,20.180618286132812,238722521
1532,20.18798947221935,21.337799329920518,19.885796234263477,20.703929901123047,281595185
1532,20.703927433659892,21.44098429806694,19.90053533899026,20.077428817749023,213857550
1533,20.180619307287987,21.34516926868993,20.04795023300706,20.96190071105957,185773231
1534,20.72604244588333,20.72604244588333,19.310893018794893,19.546751022338867,176101628
1534,19.893166060241555,20.858710229778982,19.473043841657507,20.41647720336914,174372786
1535,20.674446347037353,21.382021731648727,20.527035804369024,20.851341247558594,187367532
1535,20.87345385207822,21.19038858453539,20.217473577064318,20.762895584106445,159144289
1536,20.60811497621101,20.85871449215848,19.90791160409585,20.549150466918945,131057896
1537,20.438588597235192,22.33282470703125,20.173249054946048,22.33282470703125,205926502
1537,22.332826131402225,22.929843302735335,21.610510621940158,22.62027931213379,223527993
1538,22.62027931213379,22.62027931213379,22.62027931213379,22.62027931213379,0
1538,21.890591839100896,22.17804359792191,20.718671183535065,21.49258041381836,271161482
1539,21.492580012503577,21.96429599885305,20.269065618541234,21.52943229675293,293790581
1540,21.765293138157396,22.509720857089373,21.183017448822877,21.81688690185547,312491729
1540,21.9642959212752,22.44338404977184,20.210101048865507,22.354936599731445,426711768
1541,22.001151406063784,22.384421377798294,20.99875345101188,21.079830169677734,302543905
1541,20.932416194309262,21.205127872587727,20.637593708213963,20.99138069152832,257128831
1542,21.15353844444359,21.40413796039106,20.549150466918945,20.549150466918945,176578537
1543,20.637595599589588,21.079830072174293,20.52703733289957,21.04297637939453,155633273
1543,21.735810006331985,21.83899753288399,21.028235985704615,21.065088272094727,195485746
1544,20.85871092099293,21.426245104403492,20.78500635136521,20.880823135375977,164604621
1545,20.880822563194542,21.00612229628254,18.610687297583656,18.71387481689453,344707340
1545,18.573835372924805,18.839174914258333,18.25690066511368,18.573835372924805,309999111
1546,18.573835133819756,18.905509907673075,17.969447272426294,18.802322387695312,159780510
1546,18.249532985044215,19.59097661010209,18.54435552805285,19.50252914428711,228373830
1547,19.502527633319083,20.092174079477978,19.325634121218815,19.974245071411133,176099876
1548,19.95950571042016,21.101943624394234,19.723647669276467,21.0208683013916,211780219
1548,21.020866312758102,21.69158808099261,20.873454348076475,21.59576988220215,215882846
1549,21.59576988220215,21.59576988220215,21.59576988220215,21.59576988220215,0
1549,21.44835813248922,22.185415103325106,21.3009461759922,21.485210418701172,223329214
1550,21.632623456628373,22.58342626550918,21.632623456628373,22.5760555267334,214267740
1551,22.848766623789007,24.32288059951733,22.826654408056214,24.249176025390625,402906624
1551,24.322881025878406,24.905156731293758,22.377050993672025,22.686614990234375,365479441
1552,22.53183120375289,23.54897060310446,22.244379437156603,23.342594146728516,345527672
1552,23.43104185607613,24.04279768185945,23.283629899085827,23.843791961669922,236175275
1553,23.585822820797837,25.295794750373744,22.922471835127816,25.0009708404541,318830168
1554,25.20734857601301,26.570902826362524,24.986232050503517,26.231857299804688,314514153
1554,26.31293234797757,26.7330545633207,25.443204965985025,25.649580001831055,293231348
1555,26.106557487239318,26.887838916345572,25.502170974559704,26.5340518951416,299501523
1555,26.386636340224904,26.644607941066052,25.310533945810317,25.325275421142578,270275283
1556,25.480060969122523,26.335047000281172,24.949379014731157,25.39161491394043,150404373
1557,24.470292481436935,25.192607989843992,23.60056501359697,24.772485733032227,346877962
1557,24.359734218878167,25.015714524090665,23.799572114590358,24.55137062072754,196654196
1558,24.543997295081745,25.155755948626908,24.19021027597643,24.765113830566406,208059836
1558,24.676668489555315,25.575878946298733,24.175469495139247,25.214719772338867,215119081
1559,25.24420350306222,25.53902744235631,24.60296466849446,24.986234664916992,129430463
1560,25.082050877640572,26.217119425993545,25.0673093990276,26.05496597290039,188573662
1560,26.018110713071568,28.376693600650267,25.988627759210143,27.77967643737793,255552459
1561,27.654382407854083,28.00080014055411,25.61273392719484,26.51931381225586,525259559
1561,27.086845340651305,27.440632370968007,26.534052578597198,26.880470275878906,264766272
1562,26.593018764222784,26.681464819803402,25.78225435117731,26.091819763183594,232779333
1563,26.498186175155336,27.61836344942159,26.112181287383272,27.527536392211914,175678188
1563,27.519972201223904,28.36767129235357,27.255064250262436,28.17088508605957,167462156
1564,28.15574629047692,28.15574629047692,26.793372075360796,27.058277130126953,166420377
1564,26.884195968148248,27.012863311314153,26.03649691463302,26.48305320739746,238078823
1565,26.483055591418374,26.838784852178474,25.809434465194396,26.611722946166992,177610943
1566,26.46791601204095,27.656209366658732,26.06677035421078,27.451852798461914,232985152
1566,26.869059398889156,27.09612129523285,25.50668513357831,25.94567108154297,350783424
1567,25.945672645978085,27.23993101894896,25.74131606077216,27.164241790771484,274665388
1567,27.315616714967934,27.580521789212714,26.271128488769378,26.71011734008789,256639309
1568,26.869060344180554,26.899336034691164,26.006223375369487,26.119752883911133,249188491
1569,26.036498920429786,27.012865392328127,25.635353241527064,26.641998291015625,320085263
1569,26.331678734905516,26.740391878051042,26.263559877714595,26.301403045654297,39120377
1570,26.30140153330013,27.527538004984116,26.112182817233222,27.466989517211914,289007399
1571,27.70162174677978,28.344967180397553,27.323184275445364,27.38373565673828,264427457
1571,27.323182415242055,27.815152249382262,26.99772598107212,27.550247192382812,168233242
1572,27.61079402153593,27.951388279511995,26.70254362934922,27.701618194580078,225304479
1572,27.981665713889896,29.17752654327944,27.769738780552967,28.5720272064209,283581547
1573,28.405510041962287,28.526609893286672,27.701616253874253,27.875699996948242,175762617
1574,27.875704128828865,28.677989680053724,27.30047758433885,27.42157745361328,206758962
1574,27.550250364855934,27.913550007967906,27.18694783449505,27.270204544067383,160676256
1575,27.323179506377052,27.70161691165789,27.04313663489875,27.557811737060547,122567734
1575,27.535111458047176,28.382810592651367,27.270203493499817,28.382810592651367,166399202
1576,28.19358961936964,28.95046450848023,27.928684563080356,28.413084030151367,204721825
1577,28.60230196444492,29.139682427969127,28.193588842645454,28.655282974243164,148740590
1577,28.458496082930616,29.98738378100729,28.087628985786257,29.820873260498047,216811858
1578,29.661924653240487,30.39609418960884,29.07156318776813,29.54839515686035,184907376
1578,29.593805589099144,29.593805589099144,28.519044684019878,28.708263397216797,202725918
1579,28.927762604525352,29.25321907628654,27.588093546002312,27.86056900024414,232176805
1580,27.86056900024414,27.86056900024414,27.86056900024414,27.86056900024414,0
1580,25.582371373861722,27.118829404089094,25.582371373861722,26.808507919311523,456953699
1581,26.589016428138123,27.133964400652765,26.452778713197297,26.975021362304688,236361536
1581,26.967453883585154,27.376164141158974,26.641997440920814,26.975021362304688,308166393
1582,26.86148963918798,27.01286229906408,25.885120391845703,25.885120391845703,397672339
1583,25.915397330445906,27.489695589734296,25.809432421266703,26.800939559936523,397733653
1583,26.399794483659146,26.48305117567264,24.52274527982592,25.287187576293945,396157812
1584,25.27205155630261,25.27205155630261,21.729876918450376,23.493396759033203,563639624
1584,22.713816141729623,25.294758016556276,22.61542159534918,24.76494789123535,384026794
1585,24.35623575025925,24.961735123568463,24.000503605268754,24.33353042602539,175439710
1586,24.333528961548225,24.886047286893437,24.151877716863492,24.295682907104492,147405571
1586,24.15944595382268,25.1282463089591,24.083758177954728,24.870908737182617,188842565
1587,24.893614161015886,25.03742223501381,24.46976607912352,24.606000900268555,141291788
1587,24.78764965674791,27.28533591494004,24.76494433670696,26.55873680114746,239402397
1588,26.558740669287538,26.626859526579757,25.771590071077146,26.46791648864746,119337515
1589,26.475481945107404,26.853919370658822,25.50668305961527,25.62021255493164,170787477
1589,25.44613256100517,26.626858408752483,25.36287586256005,25.453702926635742,179501458
1590,25.67319572072575,26.26356011752041,24.901185848511147,25.597509384155273,211999984
1590,25.84728170021506,27.247499257140785,25.809435641447678,26.67227554321289,217611539
1591,26.906902606528803,27.391302089372008,25.50668517098213,26.112184524536133,221101440
1592,25.764020525309252,25.99108240231641,24.99200783368618,25.627782821655273,294468762
1592,25.47640693497052,25.703468808950973,25.06012635146496,25.658058166503906,152823525
1593,25.86241363665533,27.822719719612778,25.347741367102433,27.807584762573242,453884406
1593,28.140609151902908,32.772682754340664,28.042214605987546,28.19359016418457,893970180
1594,28.880304013486278,29.65283983474157,27.55373198122904,28.154592514038086,688551319
1595,28.17019391674005,29.223651752515817,26.632930446148976,26.99968719482422,592586032
1595,27.265002817058388,27.58494120956134,26.539288394130512,27.1557559967041,443172408
1596,27.467890577024097,29.130010889519454,27.14014716001333,28.568166732788086,658730472
1597,28.638399162349454,30.277107426435816,28.006324443871943,29.6528377532959,520204552
1597,29.699656823738763,30.846751330172438,28.97394245397849,29.473358154296875,391635052
1598,29.691857625500433,30.00399398803711,28.412103897255395,30.00399398803711,355099202
1598,30.043007525008814,30.43317645390503,28.365279940054,28.716432571411133,382621105
1599,28.716429593900088,29.590407070517045,28.630591962162708,29.05978012084961,300836823
1600,29.184639476895427,30.425376892089844,28.927126533764067,30.425376892089844,310932568
1600,30.43317903201083,30.534623795608358,28.79447058252681,29.012964248657227,240792937
1601,29.028567146559,29.37971975664186,27.936093021135093,28.092161178588867,180459445
1601,28.092164898670127,28.716434634401104,28.092164898670127,28.23262596130371,49472433
1602,28.388689131863295,31.36957919882985,28.326260680925675,31.04183578491211,445555510
1603,31.43981290027728,32.85222251306076,30.979413446641388,32.16552734375,314457921
1603,32.50887221007895,32.50887221007895,30.8857711549026,31.065248489379883,261842232
1604,31.556860434651878,34.10856546855716,30.573636089182738,33.14875030517578,341625131
1604,33.54672211981274,34.67820950753298,32.625923310938674,33.226783752441406,260264784
1605,33.515512238560426,35.349305049292234,33.28141147202592,35.15422058105469,228251965
1606,35.13080931100813,35.87213084163425,34.46752037234157,35.77848815917969,215977295
1606,35.77848891991684,37.276739126767936,34.358274283437105,35.7238655090332,351780458
1607,35.66144177330904,35.66144177330904,33.3048210144043,33.3048210144043,259749595
1607,33.804232178361744,35.06837854050204,33.39845617810943,33.6325569152832,267705023
1608,33.58574073352268,33.67157837063258,32.602513406130726,33.33603286743164,307919901
1609,33.35943912754447,34.60797834863468,32.69615322448135,34.29584503173828,339325221
1609,33.71059944553859,36.69149012424368,32.33720301058629,36.363746643066406,651526215
1610,36.348140038560956,42.052408061241884,36.27790950998301,39.90647888183594,561834547
1610,40.18740309974444,41.7480789482782,39.78943206813962,40.29664993286133,453851871
1611,39.87526321411133,41.435938924671504,39.09492535883124,39.87526321411133,322112760
1612,39.75040827101814,43.652097448741834,39.39145358108818,42.715694427490234,440349477
1612,43.066844330330106,43.933019809259136,41.896337569994145,42.56742858886719,218889070
1613,42.56742524904346,44.94745487963985,42.56742524904346,43.07464599609375,178109486
1613,43.12927361854069,44.26856617282896,39.68798379582561,39.87526321411133,481230076
1614,39.883068675792366,42.04460491468236,38.24435737655398,40.10936737060547,478613788
1615,40.25763222013412,41.66223983920331,37.596680110775694,41.60761642456055,411728783
1615,41.34229861409639,43.11366587702332,40.21861319047099,40.39028549194336,342787325
1616,40.733634929992625,42.70008659990979,39.45388137736857,40.26543045043945,345664461
1616,40.343466415850706,40.42149900816805,39.12613832913312,39.75821304321289,261958409
1617,39.75821602986621,40.444914205503686,38.90764761200077,39.211978912353516,155469125
1618,39.24318817994241,39.95329544988851,37.67470755480437,38.814002990722656,234807345
1618,38.93885978745785,41.74807484822622,38.62672345770463,41.59200668334961,245984824
1619,42.13824071810698,42.528409613645,40.02352601871146,41.123802185058594,267284591
1620,41.1238059184937,43.07465057329176,40.952130636310606,42.27870559692383,136203666
1620,42.29430686475482,42.918576472642805,41.20183281838663,42.90296936035156,210829011
1621,42.918579302697886,44.081283942669344,41.98217334074307,42.22407913208008,203429819
1621,42.29431279695644,45.92288207617174,41.958767277511974,45.64976501464844,295614082
1622,45.42346366401116,45.977502800280924,43.71452491449853,44.8928337097168,234074706
1623,44.643127504505195,45.21277377550351,42.98101003395287,43.9564323425293,235569741
1623,43.95643040198732,43.97983958379886,42.192865278955665,42.676673889160156,179414895
1624,42.37234008389018,44.12810005678689,41.45154128218638,44.011051177978516,246519086
1624,43.85499256722841,43.92522310048837,41.12380979317908,41.39692687988281,317138341
1625,41.31108271975913,42.06801135040169,38.63452378489683,38.93885803222656,376830219
1626,39.485089655940456,40.265427419708075,37.39378421090306,39.79722595214844,365890490
1626,40.81185722254822,41.20397248804618,39.411450357068624,40.0516357421875,243554792
1627,39.70753618473937,39.73154523577328,36.65064824896681,37.210811614990234,358143888
1627,37.450880621409055,38.587212365821756,36.17851081642332,38.083065032958984,281626568
1628,38.075062598066054,41.428035566924365,38.075062598066054,40.95589828491211,282714742
1629,40.97190231079402,42.86845237460097,39.611506526623494,40.83586120605469,394867933
1629,41.19596968584587,42.30829239813185,39.59550464885429,40.29170608520508,262385171
1630,40.29170249096541,41.87616542257176,38.09906729536306,41.61208724975586,398495192
1630,41.21997497991495,43.62867652889255,40.3717304785025,43.3085823059082,330243348
1631,42.948478369310315,43.924763031608265,40.179674551402016,41.01191711425781,281639491
1632,41.01191619664752,41.01191619664752,38.4911825654542,39.027339935302734,251566008
1632,38.64322870219127,41.748128648041,38.57920863601964,40.37173080444336,286855856
1633,40.37172907883623,40.875876394132405,40.02762886948349,40.75584030151367,64555292
1633,41.163955890498414,43.35659413395543,41.163955890498414,42.66039276123047,271306247
1634,42.660390830453224,43.8527354105979,41.25198008087779,43.444618225097656,248908511
1635,43.0765169800677,44.997073150255254,42.49234456820062,43.18854904174805,251083107
1635,43.21255698277874,43.932767486883,41.035923506059085,41.25999069213867,246648562
1636,41.06793725823628,42.556370399710026,40.043640495349024,41.93218994140625,252603202
1636,42.24427350687959,42.900463898676364,40.81185662978762,41.87616729736328,183576156
1637,41.69211314463556,41.88417029293875,39.91559902289393,40.09164810180664,211974441
1638,39.83557431969519,41.035923113283225,39.06735182443361,41.01191711425781,298779758
1638,41.20397447825358,43.08451971024402,40.89188122607919,42.804439544677734,304128488
1639,42.86045317776672,43.372601481920896,40.49976672645169,40.627803802490234,269477084
1639,40.77984789136587,41.05192706630055,39.75555125756225,39.899593353271484,203295827
1640,39.907593918677726,40.05964004736433,38.09906981191309,38.97932434082031,428891826
1641,38.979324634449185,39.755551142112004,38.019045016724576,39.25140380859375,289938389
1641,39.58750767977471,40.09165201962735,38.41116478149499,38.42716979980469,287294352
1642,38.7072453475303,41.612090190574385,38.323134112088525,41.468048095703125,397549460
1642,41.57208271202491,41.61209373008253,39.331432121703315,39.37944412231445,290290905
1643,39.37944412231445,39.37944412231445,39.37944412231445,39.37944412231445,0
1644,40.25169326043958,42.41232157378392,40.1156552036799,42.22026443481445,291827307
1644,42.40431927406483,42.40431927406483,39.971611870172545,41.66010284423828,236114701
1645,41.47605494164116,41.52406694142287,39.651522633812355,39.85958480834961,199251176
1646,39.683527501331255,40.41173891209692,38.81127400468714,38.97132110595703,202800685
1646,38.419161146717066,38.61921927257564,34.417998629545565,35.570335388183594,416147016
1647,34.81011234395434,36.94673156738281,31.353108327800786,36.94673156738281,601424028
1647,36.722671058545465,36.88271817832251,35.69037034126066,36.15450668334961,250862204
1648,35.882428061176256,37.98704054570621,35.410290729345846,37.69095230102539,234882666
1649,37.69094667541724,38.195093966989525,37.11478139483626,37.754966735839844,121970436
1649,37.378857754076655,37.610925901850436,36.09848702953959,37.47488784790039,227944706
1650,36.77868368688505,36.77868368688505,32.48943714779555,34.00988006591797,852865461
1650,32.31339046687957,32.769522765484204,30.088741954187896,31.953285217285156,817112358
1651,31.953286955088235,32.15334509878268,30.328815805135754,30.336816787719727,183370677
1652,30.2487889136864,30.264793930545693,28.216197562228704,29.728639602661133,467376571
1652,29.712634638830593,32.15334324029933,29.16047224045645,31.977291107177734,459733557
1653,31.985293204897715,32.0493102159274,30.472854306004944,31.30509376525879,301836893
1653,31.609180595735772,31.809238700772077,31.00100529958896,31.145044326782227,209805590
1654,31.089031947127168,32.489438846594965,30.48885756164097,32.10532760620117,362236099
1655,31.65719805355038,32.889553754523284,30.496860345342796,31.889263153076172,415218354
1655,31.921276476717587,32.52945493459453,31.449139142041393,32.169349670410156,318481207
1656,32.273380985508275,34.16993132003041,32.12933887882103,33.113624572753906,354375227
1656,33.03359559837785,33.345685775272955,31.64919378264245,31.857255935668945,289521330
1657,31.673201332329285,31.84925039272995,27.89610325157898,27.904104232788086,610290103
1658,29.35281630695707,30.162834925469856,29.23590341474797,29.720247268676758,288715632
1658,29.54488260261802,30.35490121822271,29.235903309786284,29.286008834838867,252377909
1659,29.21920393081993,29.23590258654045,27.51565434778188,28.643001556396484,360248868
1659,28.551144583187998,28.801669030399985,27.582460035360416,28.701457977294922,282907655
1660,28.475987791741204,28.701457882154195,27.92483974369301,28.26721954345703,232808423
1661,28.00834669598776,28.49268733646769,27.215026779364177,28.141958236694336,285537239
1661,27.816281906407593,29.42797300082072,27.624215504683566,28.659704208374023,372939839
1662,28.601250289142996,29.02713611808355,27.60751456458124,28.81001853942871,373849160
1662,28.810015200940676,30.11273007856394,28.634650655553987,29.18579864501953,420550876
1663,29.13569332056103,29.494774926709358,28.275569242626833,28.693105697631836,223629873
1664,28.409182478333854,28.826718958287817,27.5574076769617,28.10020637512207,264577971
1664,28.10020637512207,28.10020637512207,28.10020637512207,28.10020637512207,0
1665,27.54905803056552,27.63256405137085,24.801667259693364,25.95406723022461,568993337
1665,25.63674236849911,26.20459068455295,24.63465410670926,24.701459884643555,301726359
1666,24.54279528864324,24.626302908315466,22.538620380386636,22.697284698486328,477809259
1667,22.46346284413463,24.42588466574994,21.96241873756418,24.28392219543457,416896426
1667,24.050100454199818,26.555319317877935,23.899788660310346,26.087678909301758,353698413
1668,27.139870033845774,28.250518551987348,26.580371110975484,26.78078842163086,517746870
1668,26.388306342299295,27.741125263325035,25.929015250144896,27.57411003112793,294733736
1669,26.805840869854876,30.480163185630563,26.263045354591785,28.718158721923828,486574805
1670,29.20250351424012,30.839245812045203,28.901876727796196,30.688932418823242,366802862
1670,30.405004775939847,31.06471314480195,29.73694707955117,30.972854614257812,264475147
1671,30.981203951988675,31.181622853746475,29.478073338231475,30.371601104736328,227154988
1672,30.35490040978546,31.423795950252156,29.970767617931262,31.114816665649414,229409814
1672,31.1148181919066,32.79331668496776,30.50521529174405,32.05010223388672,265181245
1673,32.07515070268824,33.11899185180664,31.849680632212618,33.11899185180664,235094322
1673,33.402917253778476,34.354899885823095,33.2359020303995,34.27974319458008,249308326
1674,34.27974319458008,34.27974319458008,34.27974319458008,34.27974319458008,0
1675,35.53235415032049,35.59916151682294,32.576195079149,32.81836700439453,393150712
1675,32.33402651766852,32.517740405461694,31.632565093279414,31.866384506225586,238383800
1676,31.6492679295672,31.8079306525451,30.630477851628363,30.655529022216797,331227086
1676,30.74738181693381,32.41752750252739,30.74738181693381,31.281827926635742,289811348
1677,31.123168670353586,32.37577807287924,30.772436381160173,31.941539764404297,210493719
1678,31.749472977209873,31.924837526852897,29.185799353398526,29.25260353088379,326296413
1678,29.160744488485218,29.820452851925204,28.40918078080642,28.693105697631836,312386658
1679,28.759909538542217,29.511476423006428,28.400827936581575,28.75156021118164,256893266
1679,28.893520931336074,29.077237987857323,28.150306563482356,28.617948532104492,254178456
1680,28.65135393467821,28.768263637473467,28.16701009675445,28.509389877319336,187343254
1681,28.517742994474567,29.05218918174,27.766176052663457,28.718158721923828,280850665
1681,28.65970514437894,30.354902317322725,28.475988064751288,28.81001853942871,355983799
1682,28.826719492696796,28.968680369448652,26.839244919316638,28.05845069885254,423807965
1682,28.058451634500248,29.277660640242946,27.415448225293353,28.96868133544922,152632276
1683,29.110643817348787,30.146132501068127,28.392480563983476,28.425884246826172,359333798
1684,28.467636783751736,29.394568261129045,28.150308173129215,28.350727081298828,203172102
1684,28.375778754463564,28.709809212164995,26.855946224468056,27.340290069580078,210852917
1685,27.515655932202986,27.64091497062262,26.739037788908664,27.615863800048828,228404154
1685,27.615862991657632,28.60124935569043,27.423796589929285,28.175363540649414,200299417
1686,28.16701300042932,28.425886787270173,27.81628385588766,28.334028244018555,181699585
1687,28.317322892235925,28.317322892235925,27.557406654341257,27.69936752319336,101447536
1687,27.498952967267442,27.707721208327442,27.073063971596728,27.35698890686035,166379786
1688,27.473901980877816,28.192062059049544,26.96450695960732,26.98120880126953,197146267
1688,27.156574502203608,27.924840137663946,26.263046641785266,26.663881301879883,214466348
1689,27.995833268176245,28.286628650979385,27.546419318891317,28.022268295288086,140675132
1690,27.72265881006466,31.097669525073133,27.669787075432993,30.930238723754883,380727094
1690,31.30034739427261,31.758573598197845,29.75824133475524,30.736377716064453,406014580
1691,30.621819129503386,30.64825415666122,29.211894989013672,29.211894989013672,212775170
1691,28.903469140761267,28.929907527036367,27.749093225547902,28.092761993408203,315085422
1692,28.03108042738037,28.066329371081746,27.14106476806635,27.810779571533203,303111681
1693,29.34407417614454,29.899233290179875,27.74909640424464,28.43643569946289,396681159
1693,28.709608298326046,29.617246721881344,28.61267538677661,29.229515075683594,275556536
1694,29.194270441725976,29.44981688048229,28.78010375585907,29.044464111328125,208632586
1694,28.96515537039804,29.405757078819473,28.48049416343932,29.379322052001953,215752390
1695,29.326448879466103,29.326448879466103,28.859412140363265,29.05327796936035,151957045
1696,29.05327796936035,29.05327796936035,29.05327796936035,29.05327796936035,0
1696,28.815354284557596,29.370513414644364,28.533369441677692,28.736045837402344,210790239
1697,28.709610198468845,28.780104726927807,27.66978817112275,27.89008903503418,179920270
1698,27.837215452702353,27.978207861796896,27.317305313880436,27.784343719482422,181350440
1698,27.32611713158023,27.4318605964027,26.81501923623943,27.30849266052246,270065012
1699,27.449486216470476,27.62572757290132,26.524223297113885,26.57709503173828,232586170
1699,26.585907685651335,27.114630082494937,26.092434232952986,26.726900100708008,243269775
1700,26.73571120293224,27.202749608477582,26.374417944576027,26.43610191345215,172243379
1701,26.436102910164486,26.462539618149027,24.735380020688627,24.902809143066406,311111871
1701,24.911620276429776,25.079047710634768,24.048041356304154,24.23309326171875,291650386
1702,24.0127931576686,24.73537969202329,23.70437162499566,23.995168685913086,335948107
1702,23.79249200999862,24.541515242762113,23.704371333068426,24.330026626586914,276761459
1703,24.32121534604021,24.78825209481765,23.83655244426992,24.515079498291016,291176411
1704,24.515078321390376,25.36103445946646,24.10972556411795,24.929244995117188,280388632
1704,24.8235015568871,25.361036205795635,24.541516718365315,25.149547576904297,314227451
1705,25.114297531763803,26.347981986645387,24.999741826417416,26.198177337646484,490823667
1705,26.224612792043047,27.62572630078691,25.88975456639648,27.423049926757812,565507558
1706,27.493549038641525,27.846030091801083,26.11887041017588,26.63878059387207,423876448
1707,26.638778406921126,27.740282658091488,26.488973761531472,27.66978645324707,410965218
1707,27.66978645324707,27.66978645324707,27.66978645324707,27.66978645324707,0
1708,28.18969789020743,29.432196288949317,27.572856489651635,29.035654067993164,440316001
1708,28.956344720272398,29.132586075367442,27.846028217002733,28.14563751220703,281969145
1709,27.98701946747846,28.427619475409525,27.59047727534983,27.907711029052734,296204373
1710,27.801967869900878,28.330691951009577,27.317306650027835,27.475923538208008,300613444
1710,27.449484355724604,27.987018943714357,27.017694910577532,27.493545532226562,270683485
1711,27.414240140158174,28.78010482894577,27.24681101237858,28.374752044677734,350969849
1711,28.35712839481668,29.00921709077072,28.35712839481668,28.401187896728516,160485294
1712,28.409999454145684,28.797727744897482,28.22494418304837,28.30425262451172,228802889
1713,28.286628952325085,30.04903582440825,28.277818397035375,29.62605857849121,400137030
1713,29.76705089126552,30.727562767703375,29.12377278855383,30.383893966674805,343775167
1714,30.313401160334696,30.983114328355505,30.004977924364646,30.234092712402344,168610592
1714,30.930237805430345,31.59114035137137,30.44557661071176,31.388463973999023,334017210
1715,31.229850473173098,32.516410123237904,30.56894785572131,32.472347259521484,431887813
1716,32.472344904375795,32.60452676288912,30.54251061153192,30.613008499145508,381975178
1716,30.70993874082701,31.132919352942913,30.119534045686038,30.207653045654297,260634722
1717,30.154784784383725,30.57776206014087,29.65249905932683,29.95210838317871,318844724
1717,29.76705106719377,29.97854137143593,28.832977574062113,29.793489456176758,274368740
1718,29.608431830215675,30.313397214073635,29.423379929638795,29.69655418395996,241372456
1719,29.775866117710574,30.383895303079722,29.51150574848592,30.128345489501953,286430975
1719,30.128342666630093,31.062419469331747,29.916855735675405,30.58656883239746,272930098
1720,29.828734660500178,30.842119946199308,28.894661179219412,29.96091651916504,357037448
1721,31.767294333799043,32.04759327684662,31.262754097796748,32.000877380371094,291704978
1721,31.926126540444436,31.926126540444436,30.001404671760163,30.24432945251465,319295360
1722,30.25367552534425,30.83296045099461,30.038779562025475,30.160240173339844,219489564
1722,30.085496498383282,30.44054371991382,29.319342624274245,30.206960678100586,236688846
1723,30.178927642661915,31.06654389536844,29.57161210338241,30.973112106323242,204205985
1724,31.06654173250415,31.627139556134882,30.66477865203098,31.48699188232422,207312445
1724,31.48699234067626,31.748604186952978,30.010745918528283,30.03877830505371,278223290
1725,29.898626953125,30.2536741461677,28.87086129519192,29.197877883911133,236954402
1725,28.945608236845384,28.954951771763703,27.964560237683692,28.59056282043457,266913220
1726,28.590564381100055,29.179192856308962,28.590564381100055,28.90823745727539,135714908
1727,28.824144744901393,34.10312058928988,28.81480121034036,33.290252685546875,605285732
1727,33.96297160286123,35.50462104771607,33.5612085006068,35.14023208618164,256101260
1728,35.14023146417682,38.653318653205666,34.57963005588251,35.9063835144043,716574499
1728,36.448294042566744,37.36394264685036,35.62608435199302,36.48566818237305,503857968
1729,36.579102420523384,37.317222056204066,35.97178514180236,36.53238296508789,272940863
1730,36.44829389828626,36.532383930420494,34.48619790074636,35.51396179199219,343622545
1730,35.59805342278786,37.233134682231814,34.953365523602756,36.2520866394043,341253378
1731,35.784920036875256,36.28946024488881,35.04679679524738,35.33644104003906,345745641
1731,35.55133397592431,36.12127709968142,33.97231408626121,34.05640411376953,277681492
1732,34.28998866515573,34.570287581354926,33.48646249164237,33.95362854003906,250191191
1733,34.05640806846548,35.33644213433766,33.82282502761756,35.22432327270508,321333463
1733,35.12154309662234,36.42960943678988,34.83189886816115,34.8505859375,375452946
1734,34.897304931141456,36.12128135019341,34.86927610673841,35.4205322265625,320262153
1734,35.49527917958948,37.03692505525346,35.485933862342655,36.75662612915039,389160458
1735,36.756622933637495,37.279850163951146,35.82229088505921,36.12127685546875,264714608
1736,36.34552428924914,36.952838085470766,35.62608806193269,36.42026901245117,278989985
1736,36.37354922992334,38.45710940193432,36.009160278271274,38.036659240722656,317952986
1737,38.28893122866654,38.373021265062356,36.737939996183705,37.6162109375,271344254
1737,37.91519930086306,38.27958825893401,37.887166913492386,37.9806022644043,52606047
1738,37.980600293281896,38.21418331214785,37.12101293047429,37.560150146484375,149194349
1739,37.56015165613916,39.26997756958008,37.33591038076955,39.26997756958008,260411251
1739,39.2326067944542,39.69042753155721,38.51317064338389,38.68135070800781,246042410
1740,38.67200670169416,39.85860894711663,38.223527702228026,39.288665771484375,288289512
1740,39.35406855121542,40.92374682406793,39.00836665903786,40.7088508605957,259689810
1741,40.63410598485568,42.48408317832708,39.905324498316595,42.19443893432617,298956379
1742,42.34393338112043,43.072711328391115,41.59646836286917,41.7646484375,310720341
1742,41.62449582127665,42.51211206065668,39.81189276597616,40.3818359375,359890896
1743,40.3724897545353,40.905058773904905,39.26063582297658,39.849266052246094,172429662
1743,38.2515572372065,39.24195060706622,36.803343106213156,38.78412628173828,572692529
1744,38.94296431651119,39.98007357379827,38.69069420818236,39.94269943237305,251381144
1745,39.85861079458944,40.25103216493271,39.027055721774055,39.31669998168945,215599935
1745,39.38210164303306,39.84926771915827,37.84979391941915,38.064693450927734,201735380
1746,38.06469169120624,40.736878529184686,37.84979216963241,40.624759674072266,288128823
1747,40.59673244707846,42.39999377357378,40.279059374944715,41.362884521484375,356514427
1747,41.29748080431884,41.74595979842346,40.877030633535064,41.15732955932617,260966790
1748,41.0078406729741,41.26945255471729,40.503300417445445,40.57804870605469,218458614
1748,40.64344796811404,41.77398899871703,40.64344796811404,41.54975128173828,167191755
1749,41.67121277438498,42.68029321470651,41.306823803444765,42.21312713623047,270635572
1750,42.11969427226996,43.1474581930342,41.9982300969888,42.96993637084961,227672277
1750,42.885847520887026,44.73582476787901,42.44671026564444,43.18483352661133,334676980
1751,43.10074438579194,44.38077847217281,42.764384231310686,43.9790153503418,282896398
1751,43.97901679173644,45.36182803332926,42.624234375870884,42.642921447753906,422364166
1752,44.497084141460164,44.92597034650657,43.61006687036418,43.912235260009766,274320265
1753,43.91223712035049,44.54582250584153,43.093451626315996,43.69779586791992,386486448
1753,43.668549214437775,44.01945780010936,42.74254127299441,43.29814529418945,347421698
1754,43.19092755620984,44.57506287880174,43.19092755620984,43.40536880493164,238062780
1754,43.405367524410465,43.502844196731,42.2064323425293,42.2064323425293,358502202
1755,42.01148336202202,42.596332249870656,41.8067879245347,42.167442321777344,342079230
1756,42.225929814501725,42.90825168186569,41.52411261168678,41.80678939819336,460455755
1756,41.543605348460986,42.46961327350502,40.802801239438644,41.68006896972656,505457169
1757,41.62158854008345,42.37214220884431,41.29992108846239,41.46562957763672,338646584
1757,41.40714468646698,41.7093168111183,39.52588755976006,39.96452331542969,397098989
1758,40.11073600357434,40.83204482146593,39.282200981825056,39.76957321166992,358857616
1759,39.740331969922586,40.247199533916074,39.34068689116782,39.38942337036133,153557575
1759,39.38942439687725,39.62336470879974,38.81432500335436,39.16523361206055,192736932
1760,38.755839068990596,41.15371332689382,38.697356779665846,40.53962326049805,575484468
1760,40.5591163772257,41.41689251782228,40.061994635034246,40.89052963256836,337274784
1761,40.84179377749258,40.91002559124878,39.662350171803375,39.8572998046875,444003240
1762,40.10098721517112,42.37214363288267,40.02300959050457,41.43638610839844,445889429
1762,41.37790098523612,42.489109018694734,41.21219250184317,42.15769577026367,277115778
1763,42.01148204665041,42.684058060700366,41.36815089300792,41.91400909423828,301692569
1763,42.01148195025537,42.52809900824768,41.368150798089,41.865272521972656,291212260
1764,41.991991479070045,42.54759550206887,41.82628299380721,42.35264587402344,235372779
1765,42.34289548608189,42.537845110161186,40.36416553981087,40.68583297729492,369299091
1765,40.685833549383396,41.40714233475794,40.18871181507337,40.92951965332031,310205208
1766,41.01724687636078,41.06598335356855,40.50062980656479,40.64684295654297,267557833
1766,40.60785313528534,41.4071432769167,40.3739128341068,41.036739349365234,207147637
1767,41.407141431997374,41.93350429743049,40.081488460545735,40.25694274902344,474630164
1768,40.256946211940566,40.38366403526473,37.67387557534174,37.74210739135742,700626535
1768,38.72999954223633,39.130001068115234,37.380001068115234,37.5,708723486
1769,37.5,39.16999816894531,37.310001373291016,38.66999816894531,944169221
1769,38.880001068115234,39.95000076293945,38.13999938964844,39.599998474121094,527096102
1770,39.599998474121094,39.7400016784668,38.630001068115234,38.709999084472656,316662655
1771,38.709999084472656,38.709999084472656,38.709999084472656,38.709999084472656,0
1771,38.709999084472656,39.40999984741211,38.5,38.75,270900593
1772,38.599998474121094,39.54999923706055,38.0099983215332,39.20000076293945,447139503
1773,38.900001525878906,40.04999923706055,38.75,39.7599983215332,336289898
1773,39.77000045776367,40.36000061035156,39.63999938964844,39.75,323905476
1774,39.58000183105469,39.70000076293945,38.54999923706055,39.439998626708984,331268818
1774,39.2400016784668,40.040000915527344,39.130001068115234,39.400001525878906,318979187
1775,39.38999938964844,39.63999938964844,38.959999084472656,39.209999084472656,227692063
1776,39.130001068115234,40.150001525878906,38.91999816894531,39.52000045776367,328643029
1776,39.5,40.150001525878906,39.33000183105469,39.380001068115234,284122384
1777,39.52000045776367,39.9900016784668,38.119998931884766,38.27000045776367,529816490
1777,38.27000045776367,38.349998474121094,37.81999969482422,37.939998626708984,309140002
1778,37.95000076293945,38.13999938964844,37.61000061035156,37.650001525878906,430069865
1779,37.650001525878906,37.7400016784668,36.970001220703125,37.02000045776367,364359520
1779,37.0099983215332,38.040000915527344,36.779998779296875,38.0099983215332,478919211
1780,38.0,38.880001068115234,37.79999923706055,38.58000183105469,461717321
1780,38.400001525878906,39.349998474121094,38.34000015258789,39.34000015258789,408412672
1781,39.209999084472656,39.369998931884766,37.2599983215332,37.2599983215332,443444613
